estado;segmento;nome;whatsapp;telefone;email;website;endereco;cidade;cep;telefone_e164;url
AC;Auto Peças;Auto Peças Brasil - Peças para caminhões e carretas;;(18) 3324-1068;;;Av. Abílio Duarte de Souza, 435 - Vila Rosangela, Assis - SP, 19813-000;ASSIS BRASIL;19813-000;5,51833E+11;https://www.google.com/maps/place/Auto+Pe%C3%A7as+Brasil+-+Pe%C3%A7as+para+caminh%C3%B5es+e+carretas/data=!4m7!3m6!1s0x9495390cc1f1aa8d:0x663c9ac219fbab2!8m2!3d-22.6471543!4d-50.4088958!16s%2Fg%2F11c6pl66pd!19sChIJjarxwQw5lZQRsrqfIazJYwY?authuser=0&hl=pt-BR&rclk=1
AC;Auto Peças;Autotudo Produtos Automotivos;;(18) 3302-4900;;http://www.autotudo.com.br/;Av. Dom Antônio, 945 - Vila Rodrigues, Assis - SP, 19806-172;ASSIS BRASIL;19806-172;5,51833E+11;https://www.google.com/maps/place/Autotudo+Produtos+Automotivos/data=!4m7!3m6!1s0x9495397900000001:0x56a1d39c670a1efc!8m2!3d-22.6502736!4d-50.4268185!16s%2Fg%2F1ptwb98hx!19sChIJAQAAAHk5lZQR_B4KZ5zToVY?authuser=0&hl=pt-BR&rclk=1
AC;Auto Peças;Crespus Auto Peças, Acabamentos e Acessórios Automotivos;51985640182;(51) 98564-0182;;;Av. Assis Brasil, 5335 - Passo d'Areia, Porto Alegre - RS, 91010-001;ASSIS BRASIL;91010-001;5,55199E+12;https://www.google.com/maps/place/Crespus+Auto+Pe%C3%A7as,+Acabamentos+e+Acess%C3%B3rios+Automotivos/data=!4m7!3m6!1s0x951977f4dd533159:0x1e80d30af293220c!8m2!3d-30.0033772!4d-51.1351689!16s%2Fg%2F11jgwwn35n!19sChIJWTFT3fR3GZURDCKT8grTgB4?authuser=0&hl=pt-BR&rclk=1
AC;Auto Peças;Hiper Auto Peças;6899232894;(68) 3222-0259;;;Hiper Auto Peças - Av. Nações Unidas, 1307 - Bosque, Rio Branco - AC, 69900-460;RIO BRANCO;69900-460;5,56832E+11;https://www.google.com/maps/place/Hiper+Auto+Pe%C3%A7as/data=!4m7!3m6!1s0x917f8d10f0da831d:0xa2d869451d7863c7!8m2!3d-9.9671755!4d-67.819454!16s%2Fg%2F11shbjnrpx!19sChIJHYPa8BCNf5ERx2N4HUVp2KI?authuser=0&hl=pt-BR&rclk=1
AC;Auto Peças;M&M Mecânica e Auto Peças;;(68) 99975-1870;;;AC-475, Acrelândia - AC, 69945-000;ACRELÂNDIA;69945-000;5,569E+12;https://www.google.com/maps/place/M%26M+Mec%C3%A2nica+e+Auto+Pe%C3%A7as/data=!4m7!3m6!1s0x93d5415e32e033d3:0x4135a080048ce2f7!8m2!3d-10.0860749!4d-67.0724596!16s%2Fg%2F11r36h9_64!19sChIJ0zPgMl5B1ZMR9-KMBICgNUE?authuser=0&hl=pt-BR&rclk=1
AC;Auto Peças;martins auto peças;;(68) 99978-7924;;;Av. Paraná, 3, Acrelândia - AC, 69945-000;ACRELÂNDIA;69945-000;5,569E+12;https://www.google.com/maps/place/martins+auto+pe%C3%A7as/data=!4m7!3m6!1s0x93d533761075bf95:0x22312096db4f8011!8m2!3d-10.0740752!4d-67.0550063!16s%2Fg%2F1th5kj_p!19sChIJlb91EHYz1ZMREYBP25YgMSI?authuser=0&hl=pt-BR&rclk=1
AC;Auto Peças;MEGA AUTO PEÇAS E CENTRO AUTOMOTIVO;;(68) 99904-7068;;https://link.meulink.bio/grupomega;Av. Nações Unidas, 1599 - Setimo BEC, Rio Branco - AC, 69918-093;BRASILÉIA;69918-093;5,569E+12;https://www.google.com/maps/place/MEGA+AUTO+PE%C3%87AS+E+CENTRO+AUTOMOTIVO/data=!4m7!3m6!1s0x917f8c4fea1fb63b:0x7a3498b32ed493e1!8m2!3d-9.9673786!4d-67.8219581!16s%2Fg%2F11f0_gpz92!19sChIJO7Yf6k-Mf5ER4ZPULrOYNHo?authuser=0&hl=pt-BR&rclk=1
AC;Auto Peças;OM Distribuidora de Peças Automotivas;;(18) 3302-5252;;http://www.omdistribuidora.com.br/;R. Cap. Francisco Rodrigues García, 363 - Centro, Assis - SP, 19800-130;ASSIS BRASIL;19800-130;5,51833E+11;https://www.google.com/maps/place/OM+Distribuidora+de+Pe%C3%A7as+Automotivas/data=!4m7!3m6!1s0x9495399a53b0b597:0x2c37bab248fb8484!8m2!3d-22.6639639!4d-50.4175729!16s%2Fg%2F1v_sp9yr!19sChIJl7WwU5o5lZQRhIT7SLK6Nyw?authuser=0&hl=pt-BR&rclk=1
AC;Auto Peças;PitStop MDA Autopeças;;(18) 99649-3110;;;Av. Otto Ribeiro, 3147 - San Fernando Valley, Assis - SP, 19814-470;ASSIS BRASIL;19814-470;5,519E+12;https://www.google.com/maps/place/PitStop+MDA+Autope%C3%A7as/data=!4m7!3m6!1s0x94953993ee729001:0xbdb818ecdb2b22e4!8m2!3d-22.673269!4d-50.4197848!16s%2Fg%2F11gtyntm74!19sChIJAZBy7pM5lZQR5CIr2-wYuL0?authuser=0&hl=pt-BR&rclk=1
AC;Auto Peças;Portela Auto Peças;;(68) 3235-1164;;;Av. Adenilson Rogério de Oliveira, Acrelândia - AC, 69945-000;ACRELÂNDIA;69945-000;5,56832E+11;https://www.google.com/maps/place/Portela+Auto+Pe%C3%A7as/data=!4m7!3m6!1s0x93d5411eb2ab3e49:0x4257a9d1ac7b8f90!8m2!3d-10.0730087!4d-67.0539818!16s%2Fg%2F11gdkq429w!19sChIJST6rsh5B1ZMRkI97rNGpV0I?authuser=0&hl=pt-BR&rclk=1
AC;Auto Peças;Rimauto auto peças e auto center Acre;;(68) 3227-8580;;;Av. Nações Unidas, 1579 - 7 - bec, Rio Branco - AC, 69918-093;BRASILÉIA;69918-093;5,56832E+11;https://www.google.com/maps/place/Rimauto+auto+pe%C3%A7as+e+auto+center+Acre/data=!4m7!3m6!1s0x917f8c4fdad0ddcf:0x25846f30f339846b!8m2!3d-9.9671414!4d-67.8218508!16s%2Fg%2F11gfd2wysj!19sChIJz93Q2k-Mf5ERa4Q58zBvhCU?authuser=0&hl=pt-BR&rclk=1
AC;Auto Peças;Roberto Autopeças;;(18) 3422-6565;;;Av. Armando Sales de Oliveira, 322 - Vila Moraes Pinto, Assis - SP, 19802-080;ASSIS BRASIL;19802-080;5,51834E+11;https://www.google.com/maps/place/Roberto+Autope%C3%A7as/data=!4m7!3m6!1s0x94953984545ec323:0xe09900fe922484b9!8m2!3d-22.6654165!4d-50.424136!16s%2Fg%2F1ptwb98hy!19sChIJI8NeVIQ5lZQRuYQkkv4AmeA?authuser=0&hl=pt-BR&rclk=1
AC;Auto Peças;Top motos;;(51) 99473-1511;;;R. Valério Magalhães - Cascata, Assis Brasil - AC, 69932-000;ASSIS BRASIL;69932-000;5,55199E+12;https://www.google.com/maps/place/Top+motos/data=!4m7!3m6!1s0x91790d20bbdac143:0x3541165706bfda9d!8m2!3d-10.9392704!4d-69.5641342!16s%2Fg%2F11g2yjv267!19sChIJQ8HauyANeZERndq_BlcWQTU?authuser=0&hl=pt-BR&rclk=1
GO;Escritório De Contabilidade;Adailton Contabilidade;61999396062;(61) 99939-6062;;https://sites.google.com/view/adailton-contabilidade/in%C3%ADcio;Lt. 16A - R. 8, Q. 34 - Conjunto B - Parque da Barragem, Águas Lindas de Goiás - GO, 72910-000;Águas Lindas de Goiás;72910-000;5,562E+12;https://www.google.com/maps/place/Adailton+Contabilidade/data=!4m7!3m6!1s0x935bb864389284a7:0x1693f56780d148d4!8m2!3d-15.8196635!4d-48.214096!16s%2Fg%2F11rl8b8p6k!19sChIJp4SSOGS4W5MR1EjRgGf1kxY?authuser=0&hl=pt-BR&rclk=1
GO;Escritório De Contabilidade;ARKAD CONTABILIDADE;61991419004;(61) 99141-9004;;;QUADRA 48 CONJUNTO A LOTE 04 - Parque da Barragem, Águas Lindas de Goiás - GO, 72911-205;Águas Lindas de Goiás;72911-205;5,56199E+12;https://www.google.com/maps/place/ARKAD+CONTABILIDADE/data=!4m7!3m6!1s0x4652af96838a4b61:0x87690a94d20a9e8e!8m2!3d-15.7478487!4d-48.2618595!16s%2Fg%2F11thhq5_nw!19sChIJYUuKg5avUkYRjp4K0pQKaYc?authuser=0&hl=pt-BR&rclk=1
GO;Escritório De Contabilidade;Carvalho Contabilidade - Contador em Anápolis;62992514794;(62) 99251-4794;;;Praça Emaculada Conceição, 386 - Sala 2 - Vila Santa Maria, Anápolis - GO, 75113-410;Anápolis;75113-410;5,56299E+12;https://www.google.com/maps/place/Carvalho+Contabilidade+-+Contador+em+An%C3%A1polis/data=!4m7!3m6!1s0x935ea467f4e10cb3:0xcf4e1fb56baf3239!8m2!3d-16.3234518!4d-48.940519!16s%2Fg%2F11f15m3qz8!19sChIJswzh9GekXpMROTKva7UfTs8?authuser=0&hl=pt-BR&rclk=1
GO;Escritório De Contabilidade;Cer Assessoria Contábil Goiânia;62991019542;(62) 3224-3559;;http://cercontabilidadego.com.br/;Av. Americano do Brasil, 2577 - Qd 13 Lt 40 - Res. Solar Bougainville, Goiânia - GO, 74393-485;Goiânia;74393-485;5,56232E+11;https://www.google.com/maps/place/Cer+Assessoria+Cont%C3%A1bil+Goi%C3%A2nia/data=!4m7!3m6!1s0x935ef75206ddaecf:0x270c4feaf6169f9d!8m2!3d-16.7332811!4d-49.3615662!16s%2Fg%2F11nmcm9yjs!19sChIJz67dBlL3XpMRnZ8W9upPDCc?authuser=0&hl=pt-BR&rclk=1
GO;Escritório De Contabilidade;Contacon Contabilidade;6182321447;(61) 3618-1447;;https://contaconcontabilidade.com.br/;Rua 17, Quadra 49, Conjunto B, Lote 1 - Parque da Barragem, Águas Lindas de Goiás - GO, 72911-193;Águas Lindas de Goiás;72911-193;5,56136E+11;https://www.google.com/maps/place/Contacon+Contabilidade/data=!4m7!3m6!1s0x935bb86c2adcdad5:0xbbd25784618b208e!8m2!3d-15.7449086!4d-48.2640874!16s%2Fg%2F12htf6nkp!19sChIJ1drcKmy4W5MRjiCLYYRX0rs?authuser=0&hl=pt-BR&rclk=1
GO;Escritório De Contabilidade;Contador em Anápolis | Plena Contabilidade;62992658845;(62) 98124-9573;;http://www.plenacontabilidade.com.br/;R. Jorn. Arlíndo Cardoso, n° 180 - Sala 01 - Centro, Anápolis - GO, 75023-020;Anápolis;75023-020;5,56298E+12;https://www.google.com/maps/place/Contador+em+An%C3%A1polis+%7C+Plena+Contabilidade/data=!4m7!3m6!1s0x935ea380a3989d75:0xf933c48086526108!8m2!3d-16.332882!4d-48.961059!16s%2Fg%2F113h5866l!19sChIJdZ2Yo4CjXpMRCGFShoDEM_k?authuser=0&hl=pt-BR&rclk=1
GO;Escritório De Contabilidade;ContNuvem Contabilidade | Contador em Anápolis | Imposto de Renda;6932105453;(62) 3772-0633;;https://www.contnuvem.com.br/;R. 18, Q35 - L21 - Vale do Sol, Anápolis - GO, 75085-727;Anápolis;75085-727;5,56238E+11;https://www.google.com/maps/place/ContNuvem+Contabilidade+%7C+Contador+em+An%C3%A1polis+%7C+Imposto+de+Renda/data=!4m7!3m6!1s0x92325c625dc36f73:0x6083cbb8388837e1!8m2!3d-16.2931896!4d-48.9265332!16s%2Fg%2F1pztslx8l!19sChIJc2_DXWJcMpIR4TeIOLjLg2A?authuser=0&hl=pt-BR&rclk=1
GO;Escritório De Contabilidade;Controller Assessoria Contábil;62991150974;(62) 3324-1990;;http://www.controlleer.com.br/;R. Matilde Aidar, 146 - St. Central, Anápolis - GO, 75023-070;Anápolis;75023-070;5,56233E+11;https://www.google.com/maps/place/Controller+Assessoria+Cont%C3%A1bil/data=!4m7!3m6!1s0x935ea47ef89c9775:0x9b08cb26168803a3!8m2!3d-16.33366!4d-48.957692!16s%2Fg%2F1tdvl7wx!19sChIJdZec-H6kXpMRowOIFibLCJs?authuser=0&hl=pt-BR&rclk=1
GO;Escritório De Contabilidade;NEO ASSESSORIA CONTÁBIL LTDA;;(61) 3246-7780;Santafemarcello@gmail.com;;Q QUADRA 8 LOTE - Camping Club, Águas Lindas de Goiás - GO, 72914-123;Águas Lindas de Goiás;72914-123;5,56132E+11;https://www.google.com/maps/place/NEO+ASSESSORIA+CONT%C3%81BIL+LTDA/data=!4m7!3m6!1s0x935a2d604d463f47:0xbf9622bba3c4be3a!8m2!3d-15.7612905!4d-48.2638765!16s%2Fg%2F11xc_xkxsb!19sChIJRz9GTWAtWpMROr7Eo7silr8?authuser=0&hl=pt-BR&rclk=1
GO;Escritório De Contabilidade;Objetivo Contábil Consultoria e Assessoria;62991276568;(62) 99127-6568;;https://www.objetivocontabil.com.br/;R. Alexandre Batista, 182 - Vila Santa Maria de Nazareth, Anápolis - GO, 75113-290;Anápolis;75113-290;5,56299E+12;https://www.google.com/maps/place/Objetivo+Cont%C3%A1bil+Consultoria+e+Assessoria/data=!4m7!3m6!1s0x935ea468292d5515:0xa3973ef8a1bb7d0c!8m2!3d-16.3237206!4d-48.9377702!16s%2Fg%2F11cks1b3n2!19sChIJFVUtKWikXpMRDH27ofg-l6M?authuser=0&hl=pt-BR&rclk=1
GO;Escritório De Contabilidade;SC Contabilidade LTDA;61986561335;(61) 99970-1407;;https://sccontabilidade.neocities.org/;Quadra 31, Conjunto B, Lote 1A, Sala 01, Avenida, 02 - Setor 02 - Parque da Barragem, Águas Lindas de Goiás - GO, 72910-148;Águas Lindas de Goiás;72910-148;5,562E+12;https://www.google.com/maps/place/SC+Contabilidade+LTDA/data=!4m7!3m6!1s0x935bc71d2e12afe1:0x7456f1e670ed862e!8m2!3d-15.7552477!4d-48.264039!16s%2Fg%2F11x5d2yr28!19sChIJ4a8SLh3HW5MRLobtcObxVnQ?authuser=0&hl=pt-BR&rclk=1
GO;Escritório De Contabilidade;V&L Contabilidade | Contabilidade em Águas Lindas de Goiás - GO;6194074427;(61) 99407-4427;;https://vlcontabilidade.net/;Quadra 01, Lt 11, Loja 01, Sala 103 - Jardim da Barragem I, Águas Lindas de Goiás - GO, 72920-001;Águas Lindas de Goiás;72920-001;5,56199E+12;https://www.google.com/maps/place/V%26L+Contabilidade+%7C+Contabilidade+em+%C3%81guas+Lindas+de+Goi%C3%A1s+-+GO/data=!4m7!3m6!1s0x935bb93e70d6c1ed:0xd8c27cde2dc5d186!8m2!3d-15.7361987!4d-48.2880524!16s%2Fg%2F11tgcbbjj9!19sChIJ7cHWcD65W5MRhtHFLd58wtg?authuser=0&hl=pt-BR&rclk=1
GO;Escritório De Contabilidade;Via Contábil;62998050015;(62) 3701-0492;;;R. Sen. Sócrates Mardochen Diniz, 430 - St. Central, Anápolis - GO, 75025-020;Anápolis;75025-020;5,56237E+11;https://www.google.com/maps/place/Via+Cont%C3%A1bil/data=!4m7!3m6!1s0x935ea478eb21e4e3:0x1e265ea82d3ba594!8m2!3d-16.3302294!4d-48.9594733!16s%2Fg%2F11bw1yt2t8!19sChIJ4-Qh63ikXpMRlKU7LaheJh4?authuser=0&hl=pt-BR&rclk=1
AL;Material De Construção;AMC Locações Maceió;8296620033;(82) 99821-0015;;https://amclocacoes.com.br/;Zap (81)98871 - 6083Rua Salvador Calmon, 689 - Poço, Maceió - AL, 57025-550;Maceió;57025-550;5,583E+12;https://www.google.com/maps/place/AMC+Loca%C3%A7%C3%B5es+Macei%C3%B3/data=!4m7!3m6!1s0x70145768253d1a7:0xcbf0339a61df72d7!8m2!3d-9.6644165!4d-35.7246218!16s%2Fg%2F1tkc6wjq!19sChIJp9FTgnZFAQcR13LfYZoz8Ms?authuser=0&hl=pt-BR&rclk=1
AL;Material De Construção;Casa do Construtor Maceió (Farol) - Aluguel de Equipamentos;82999470497;(82) 3313-6606;;https://casadoconstrutor.com.br/pt-br/loja/maceio-al-farol;Av. Moreira e Silva, 903 - Farol, Maceió - AL, 57051-500;Maceió;57051-500;5,58233E+11;https://www.google.com/maps/place/Casa+do+Construtor+Macei%C3%B3+%28Farol%29+-+Aluguel+de+Equipamentos/data=!4m7!3m6!1s0x701458437121a37:0xf851b2fff99297e6!8m2!3d-9.6535951!4d-35.7341405!16s%2Fg%2F11h18dk53!19sChIJNxoSN4RFAQcR5peS-f-yUfg?authuser=0&hl=pt-BR&rclk=1
AL;Material De Construção;L MONTEIRO MATERIAL DE CONSTRUÇÃO EM NOVO LINO;82991537023;(82) 99153-7023;;;R. Alfredo Soares da Silva, Novo Lino - AL, 57970-000;Novo Lino;57970-000;5,58299E+12;https://www.google.com/maps/place/L+MONTEIRO+MATERIAL+DE+CONSTRU%C3%87%C3%83O+EM+NOVO+LINO/data=!4m7!3m6!1s0x700b8b98869dba7:0x68d4cb90616aed77!8m2!3d-8.9441184!4d-35.6661814!16s%2Fg%2F11xt9y6d6x!19sChIJp9tpiLm4AAcRd-1qYZDL1Gg?authuser=0&hl=pt-BR&rclk=1
AL;Material De Construção;Mega Construções;;(82) 99625-6074;;;R. Lopes de Farias - Centro, Maj. Isidoro - AL, 57580-000;Maj. Isidoro;57580-000;5,583E+12;https://www.google.com/maps/place/Mega+Constru%C3%A7%C3%B5es/data=!4m7!3m6!1s0x70613065d32d509:0x1f86f00857809f33!8m2!3d-9.5319572!4d-36.9863136!16s%2Fg%2F11m5fck6d6!19sChIJCdUyXQYTBgcRM5-AVwjwhh8?authuser=0&hl=pt-BR&rclk=1
PR;Material De Construção;Rondônia Soluções Industrial - Tubos,Conexões e Válvulas Industriais;69981320080;(69) 3201-2843;vendas.inoxestrutural@goianiatubos.com.br;https://rondoniasolucoesindustrial.com.br/;Galpão - B - Av. Transcontinental, 1984 - Quadra 04, Lote 01 - Riachuelo, Ji-Paraná - RO, 76913-795;Ji;76913-795;5,56932E+11;https://www.google.com/maps/place/Rond%C3%B4nia+Solu%C3%A7%C3%B5es+Industrial+-+Tubos,Conex%C3%B5es+e+V%C3%A1lvulas+Industriais/data=!4m7!3m6!1s0x93c99bb244f66437:0xd52180787179035b!8m2!3d-10.8961929!4d-61.9300875!16s%2Fg%2F11w40z4r0b!19sChIJN2T2RLKbyZMRWwN5cXiAIdU?authuser=0&hl=pt-BR&rclk=1
PR;Material De Construção;RDW Pavimentação Asfáltica e Terraplanagem;41987218280;(41) 98721-8280;Rivhardwilkee@hotmail.com;;Rua Luiz Collere, 138B - Jardim Eugenia Maria, Campina Grande do Sul - PR, 83430-000;Campina Grande do Sul;83430-000;5,54199E+12;https://www.google.com/maps/place/RDW+Pavimenta%C3%A7%C3%A3o+Asf%C3%A1ltica+e+Terraplanagem/data=!4m7!3m6!1s0xa7d2937635e9c9fd:0xa98229ca1ba7acf7!8m2!3d-25.3536107!4d-49.1099879!16s%2Fg%2F11vdrrhnyk!19sChIJ_cnpNXaT0qcR96ynG8opgqk?authuser=0&hl=pt-BR&rclk=1
RO;Material De Construção;Cacique Madeiras;6933215031;(69) 3321-5031;;;Av. Jô Sato, 1328 - BR 174 - Bela Vista, Vilhena - RO, 76980-000;Vilhena;76980-000;5,56933E+11;https://www.google.com/maps/place/Cacique+Madeiras/data=!4m7!3m6!1s0x93b96bb6f5e956f9:0x47004e784ab9cd5!8m2!3d-12.7286456!4d-60.1288456!16s%2Fg%2F1vcq8pg8!19sChIJ-Vbp9bZruZMR1ZyrhOcEcAQ?authuser=0&hl=pt-BR&rclk=1
RO;Material De Construção;Ds Madeiras;69984991964;(69) 3321-4593;;;Av. Mal. Rondon, 5370 - Centro, Vilhena - RO, 76980-000;Vilhena;76980-000;5,56933E+11;https://www.google.com/maps/place/Ds+Madeiras/data=!4m7!3m6!1s0x93b96a2eabfdd0e5:0x8edcffbff4006846!8m2!3d-12.7437363!4d-60.1246294!16s%2Fg%2F11h_sltm60!19sChIJ5dD9qy5quZMRRmgA9L__3I4?authuser=0&hl=pt-BR&rclk=1
RO;Material De Construção;Havan Vilhena;;(69) 3025-8345;sac@havan.com.br;https://www.havan.com.br/?utm_source=gmb&utm_medium=gmb-perfil&utm_campaign=lc_104;Av. Mal. Rondon, 6808 - Setor Industrial, Vilhena - RO, 76987-878;Vilhena;76987-878;5,5693E+11;https://www.google.com/maps/place/Havan+Vilhena/data=!4m7!3m6!1s0x93b9698f486ea2b1:0x52ba7c79cafd4144!8m2!3d-12.7477582!4d-60.111879!16s%2Fg%2F11hc_2wr9k!19sChIJsaJuSI9puZMRREH9ynl8ulI?authuser=0&hl=pt-BR&rclk=1
RO;Material De Construção;Mestre da Obra Vilhena. Locação equipamentos e ferramentas para construção civil. Betoneira, andaime, sapo compactador etc.;;(69) 99397-1704;Flavio_lucas@hotmail.com;https://www.mestredaobralocacoes.com.br/;Av. Mal. Rondon, 3104 - Centro, Vilhena - RO, 76980-156;Vilhena;76980-156;5,56999E+12;https://www.google.com/maps/place/Mestre+da+Obra+Vilhena.+Loca%C3%A7%C3%A3o+equipamentos+e+ferramentas+para+constru%C3%A7%C3%A3o+civil.+Betoneira,+andaime,+sapo+compactador+etc./data=!4m7!3m6!1s0x93b96b2f8e3376cd:0xa29b41123dd9ba8a!8m2!3d-12.7382221!4d-60.1445538!16s%2Fg%2F11xfb0687l!19sChIJzXYzji9ruZMRirrZPRJBm6I?authuser=0&hl=pt-BR&rclk=1
RS;Material De Construção;Bristot Materiais de Construção - Rizzo;5435387006;(54) 3538-7006;;;R. Nilceu de Melo Catarina, 2841 - Desvio Rizzo, Caxias do Sul - RS, 95110-115;Caxias do Sul;95110-115;5,55435E+11;https://www.google.com/maps/place/Bristot+Materiais+de+Constru%C3%A7%C3%A3o+-+Rizzo/data=!4m7!3m6!1s0x951ea37df988fd45:0x13b7fdc3b871c9e5!8m2!3d-29.1920488!4d-51.2381955!16s%2Fg%2F11vhrx2vjl!19sChIJRf2I-X2jHpUR5clxuMP9txM?authuser=0&hl=pt-BR&rclk=1
SC;Material De Construção;Bella Copa Móveis Sob Medida;4733821466;(47) 3382-1466;;;R. Bolívia, 1070 - Centro, Timbó - SC, 89120-000;Timbó;89120-000;5,54734E+11;https://www.google.com/maps/place/Bella+Copa+M%C3%B3veis+Sob+Medida/data=!4m7!3m6!1s0x94defda42067a1bf:0x2343650c15b8a205!8m2!3d-26.8286763!4d-49.2703021!16s%2Fg%2F11h076q27n!19sChIJv6FnIKT93pQRBaK4FQxlQyM?authuser=0&hl=pt-BR&rclk=1
MG;Perfumaria;Adriana - Boticário, Natura e Avon;32988110994;(32) 98811-0994;;;R. 7 de Setembro, 67 - Gaspar, Muriaé - MG, 36888-118;Muriaé;36888-118;5,53299E+12;https://www.google.com/maps/place/Adriana+-+Botic%C3%A1rio,+Natura+e+Avon/data=!4m7!3m6!1s0x678cad6238891db:0x802f74aff709a528!8m2!3d-21.1215637!4d-42.3814211!16s%2Fg%2F11kj5qdjy7!19sChIJ25GII9bKeAYRKKUJ9690L4A?authuser=0&hl=pt-BR&rclk=1
MG;Perfumaria;BEKA COSMETICOS LTDA - ME;;(34) 3317-4428;comercial@bekacosmeticos.com.br;http://www.amazoni.com.br/;Av. Rosa Maria Frange Montes, 610 - Nucleo Hab. Silverio Cartafina, Uberaba - MG, 38036-580;Uberaba;38036-580;5,53433E+11;https://www.google.com/maps/place/BEKA+COSMETICOS+LTDA+-+ME/data=!4m7!3m6!1s0x94bacfef98cdafad:0x961116fa4ef394d1!8m2!3d-19.7665531!4d-47.9101911!16s%2Fg%2F1ptxrmgs6!19sChIJra_NmO_PupQR0ZTzTvoWEZY?authuser=0&hl=pt-BR&rclk=1
MG;Perfumaria;Casa das Essências;35999194849;(35) 99919-4849;;;Rua Sant'Anna, 118 - Dos Ipês, Lavras - MG, 37200-194;Lavras;37200-194;5,536E+12;https://www.google.com/maps/place/Casa+das+Ess%C3%AAncias/data=!4m7!3m6!1s0x9ffd6a4d348bcf:0xf8f2c4be6206af3c!8m2!3d-21.2388898!4d-44.9987306!16s%2Fg%2F11w4m30rgr!19sChIJz4s0TWr9nwARPK8GYr7E8vg?authuser=0&hl=pt-BR&rclk=1
MG;Perfumaria;Crhon do Brasil Cosméticos - Nutryderm;34997164099;(34) 3314-0601;;http://www.nutryderm.com.br/;Av. Dona Maria de Santana Borges, 260 - Olinda, Uberaba - MG, 38055-000;Uberaba;38055-000;5,53433E+11;https://www.google.com/maps/place/Crhon+do+Brasil+Cosm%C3%A9ticos+-+Nutryderm/data=!4m7!3m6!1s0x94bad119ae7f51b5:0xe33f1ce68529ff3d!8m2!3d-19.744098!4d-47.963165!16s%2Fg%2F1ptwqb2ss!19sChIJtVF_rhnRupQRPf8pheYcP-M?authuser=0&hl=pt-BR&rclk=1
MG;Perfumaria;Dalu Perfumaria e Maquiagem;34997262115;(34) 3224-6799;;;Av. João Pinheiro, 1154 - Centro, Uberlândia - MG, 38400-712;Uberlândia;38400-712;5,53432E+11;https://www.google.com/maps/place/Dalu+Perfumaria+e+Maquiagem/data=!4m7!3m6!1s0x94a445a9af7c3ea7:0x92c0a557d5639774!8m2!3d-18.9139965!4d-48.2755785!16s%2Fg%2F11ng5l_q0w!19sChIJpz58r6lFpJQRdJdj1VelwJI?authuser=0&hl=pt-BR&rclk=1
MG;Perfumaria;Drogaria Talita & Reis LTDA;;(31) 3530-6311;carloscordeirog@gmail.com;;R. Emilo Ribas, 232 - Colonia Santa Isabel, Betim - MG, 32641-284;Betim;32641-284;5,53135E+11;https://www.google.com/maps/place/Drogaria+Talita+%26+Reis+LTDA/data=!4m7!3m6!1s0xa6c56ff699f78b:0xb536a1eebab9f683!8m2!3d-20.0396575!4d-44.220579!16s%2Fg%2F11b6hp9wq_!19sChIJi_eZ9m_FpgARg_a5uu6hNrU?authuser=0&hl=pt-BR&rclk=1
MG;Perfumaria;Espaço Revendedor Grupo Boticário;8007440010;(34) 3312-3011;;https://www.boticario.com.br/?utm_source=google&utm_medium=maps&utm_campaign=mirum3396;Av. Leopoldino de Oliveira, 3320 - Estados Unidos, Uberaba - MG, 38010-050;Uberaba;38010-050;5,53433E+11;https://www.google.com/maps/place/Espa%C3%A7o+Revendedor+Grupo+Botic%C3%A1rio/data=!4m7!3m6!1s0x94bad032256815f3:0x4b8aab9f372d7191!8m2!3d-19.7499952!4d-47.933527!16s%2Fg%2F11f15mx8cc!19sChIJ8xVoJTLQupQRkXEtN5-riks?authuser=0&hl=pt-BR&rclk=1
MG;Perfumaria;Farmácia Indiana;;(31) 3822-4542;sac@farmaciaindiana.com.br;https://www.farmaciaindiana.com.br/;Av. das Flores, 691 - Bom Jardim, Ipatinga - MG, 35162-263;Ipatinga;35162-263;5,53138E+11;https://www.google.com/maps/place/Farm%C3%A1cia+Indiana/data=!4m7!3m6!1s0xafff864057a091:0xb225ccb63c81c071!8m2!3d-19.4792195!4d-42.5816566!16s%2Fg%2F11bv2l8rq2!19sChIJkaBXQIb_rwARccCBPLbMJbI?authuser=0&hl=pt-BR&rclk=1
MG;Perfumaria;Flor d'alma;34988646367;(34) 3317-1980;;;R. São Benedito, 183 - São Benedito, Uberaba - MG, 38022-100;Uberaba;38022-100;5,53433E+11;https://www.google.com/maps/place/Flor+d%27alma/data=!4m7!3m6!1s0x94bad15158bb6607:0x5c4ded864a14fc56!8m2!3d-19.7557353!4d-47.9394585!16s%2Fg%2F11vyr6_tmq!19sChIJB2a7WFHRupQRVvwUSobtTVw?authuser=0&hl=pt-BR&rclk=1
MG;Perfumaria;Linda;32984795051;(32) 98479-5051;;;Coronel Luiz Coutinho, Nº 21 - Loja 1 - Centro, Guiricema - MG, 36525-000;Guiricema;36525-000;5,53298E+12;https://www.google.com/maps/place/Linda/data=!4m7!3m6!1s0xa339cd2ce2488b:0x18bf46bfb646e97a!8m2!3d-21.0082722!4d-42.7194039!16s%2Fg%2F11t9ws6845!19sChIJi0jiLM05owAReulGtr9Gvxg?authuser=0&hl=pt-BR&rclk=1
MG;Perfumaria;Quem Disse, Berenice?;8007442000;(34) 3336-1021;;https://www.quemdisseberenice.com.br/?utm_source=google&utm_medium=maps&utm_campaign=mirum910215;Av. Santa Beatriz da Silva, 1501 - LOJA 149 - São Benedito, Uberaba - MG, 38020-433;Uberaba;38020-433;5,53433E+11;https://www.google.com/maps/place/Quem+Disse,+Berenice%3F/data=!4m7!3m6!1s0x94bad043489fe901:0x9d003eabedff1218!8m2!3d-19.7657305!4d-47.9505836!16s%2Fg%2F11c59wp_9l!19sChIJAemfSEPQupQRGBL_7as-AJ0?authuser=0&hl=pt-BR&rclk=1
